Condition,QID1_1 (Task Productivity),QID1_2 (Task Productivity),QID1_3 (Task Productivity),QID1_4 (Task Productivity),QID1_5 (Task Productivity),QID1_6 (Task Innovation),QID1_7 (Task Innovation),QID1_8 (Task Innovation),QID1_9 (Information Quality),QID1_10 (Information Quality),QID1_11 (Information Quality),QID1_12 (Learning Quality),QID1_13 (Learning Quality),QID1_14 (Learning Quality),QID1_15 (Learning Quality),QID1_16 (Learning Quality),QID1_17 (Learning Quality),QID1_18 (Learning Quality),QID1_19 (Learning Quality),QID1_20 (Cognitive Demand),QID1_21 (Cognitive Demand),QID1_22 (User Satisfaction),QID1_23 (User Satisfaction),QID1_24 (User Satisfaction),QID1_25 (User Satisfaction),QID1_26 (User Preferences),QID2_1 (Perceived Context Switching),QID2_2 (Perceived Context Switching),QID2_3 (Perceived Context Switching),QID2_4 (Perceived Context Switching)
Ex,Somewhat agree,Neither agree nor disagree,Neither agree nor disagree,Strongly agree,Neither agree nor disagree,Strongly agree,Strongly agree,Neither agree nor disagree,Neither agree nor disagree,Neither agree nor disagree,Somewhat agree,Somewhat agree,Somewhat agree,Somewhat agree,Somewhat agree,Strongly agree,Somewhat agree,Strongly agree,Strongly agree,Somewhat agree,Neither agree nor disagree,Somewhat agree,Somewhat agree,Neither agree nor disagree,Somewhat agree,Strongly agree,Strongly agree,Strongly agree,Somewhat agree,Somewhat agree
Ex,Somewhat agree,Somewhat agree,Somewhat agree,Strongly agree,Strongly agree,Somewhat agree,Somewhat agree,Somewhat agree,Strongly agree,Strongly agree,Somewhat agree,Strongly agree,Strongly agree,Neither agree nor disagree,Somewhat agree,Somewhat agree,Somewhat agree,Strongly agree,Neither agree nor disagree,Somewhat agree,Neither agree nor disagree,Somewhat agree,Somewhat agree,Strongly agree,Somewhat agree,Strongly agree,Strongly agree,Strongly agree,Strongly agree,Strongly agree
Ex,Strongly agree,Somewhat agree,Neither agree nor disagree,Strongly agree,Somewhat agree,Strongly disagree,Strongly agree,Somewhat agree,Strongly agree,Strongly agree,Somewhat agree,Somewhat agree,Somewhat agree,Somewhat agree,Strongly agree,Strongly agree,Somewhat agree,Somewhat agree,Somewhat agree,Strongly disagree,Strongly disagree,Strongly agree,Somewhat agree,Somewhat agree,Somewhat agree,Strongly agree,Neither agree nor disagree,Strongly agree,Somewhat agree,Somewhat agree
Ex,Neither agree nor disagree,Somewhat agree,Strongly agree,Strongly agree,Somewhat agree,Somewhat agree,Strongly agree,Somewhat agree,Neither agree nor disagree,Strongly agree,Strongly agree,Somewhat agree,Strongly agree,Strongly agree,Strongly agree,Strongly agree,Strongly agree,Strongly agree,Neither agree nor disagree,Strongly agree,Strongly agree,Strongly agree,Strongly agree,Strongly agree,Strongly agree,Strongly agree,Strongly agree,Strongly agree,Strongly agree,Strongly agree
Ex,Somewhat agree,Somewhat agree,Somewhat agree,Somewhat agree,Somewhat agree,Somewhat agree,Somewhat agree,Somewhat agree,Strongly agree,Strongly agree,Somewhat agree,Strongly agree,Strongly agree,Somewhat agree,Strongly agree,Somewhat agree,Somewhat agree,Strongly agree,Somewhat disagree,Neither agree nor disagree,Neither agree nor disagree,Strongly agree,Somewhat disagree,Strongly agree,Strongly agree,Strongly agree,Somewhat agree,Strongly agree,Neither agree nor disagree,Somewhat agree
Ex,Strongly agree,Strongly agree,Strongly agree,Strongly agree,Strongly agree,Somewhat agree,Strongly agree,Strongly agree,Somewhat agree,Strongly agree,Strongly agree,Strongly agree,Strongly agree,Strongly agree,Strongly agree,Strongly agree,Strongly agree,Strongly agree,Strongly agree,Somewhat agree,Neither agree nor disagree,Somewhat agree,Somewhat agree,Strongly agree,Strongly agree,Strongly agree,Strongly agree,Strongly agree,Strongly agree,Strongly agree
Ex,Strongly agree,Strongly agree,Somewhat agree,Somewhat agree,Strongly agree,Neither agree nor disagree,Strongly agree,Somewhat agree,Somewhat agree,Somewhat agree,Somewhat agree,Strongly agree,Somewhat agree,Somewhat agree,Strongly agree,Strongly agree,Strongly agree,Strongly agree,Somewhat agree,Neither agree nor disagree,Somewhat disagree,Somewhat agree,Somewhat agree,Somewhat agree,Somewhat agree,Strongly agree,Strongly agree,Strongly agree,Strongly agree,Strongly agree
Ex,Somewhat disagree,Somewhat disagree,Somewhat disagree,Somewhat agree,Neither agree nor disagree,Somewhat agree,Somewhat agree,Somewhat agree,Strongly agree,Somewhat agree,Somewhat agree,Somewhat agree,Neither agree nor disagree,Neither agree nor disagree,Somewhat agree,Somewhat agree,Somewhat agree,Strongly agree,Somewhat agree,Strongly disagree,Strongly disagree,Somewhat agree,Neither agree nor disagree,Somewhat agree,Somewhat agree,Somewhat disagree,Strongly agree,Somewhat disagree,Neither agree nor disagree,Somewhat agree
Ex,Somewhat agree,Somewhat agree,Somewhat agree,Somewhat agree,Somewhat agree,Somewhat agree,Strongly agree,Somewhat agree,Strongly agree,Strongly agree,Strongly agree,Strongly agree,Strongly agree,Somewhat agree,Strongly agree,Strongly agree,Strongly agree,Strongly agree,Strongly agree,Neither agree nor disagree,Neither agree nor disagree,Strongly agree,Somewhat agree,Strongly agree,Somewhat agree,Strongly agree,Strongly agree,Strongly agree,Strongly agree,Strongly agree
Ex,Strongly agree,Strongly agree,Strongly agree,Strongly agree,Strongly agree,Strongly agree,Strongly agree,Strongly agree,Strongly agree,Strongly agree,Strongly agree,Strongly agree,Strongly agree,Strongly agree,Strongly agree,Strongly agree,Strongly agree,Strongly agree,Strongly agree,Somewhat disagree,Strongly disagree,Strongly agree,Strongly agree,Strongly agree,Strongly agree,Strongly agree,Strongly agree,Strongly agree,Somewhat agree,Strongly agree
Ex,Strongly agree,Strongly agree,Strongly agree,Strongly agree,Strongly agree,Neither agree nor disagree,Strongly agree,Strongly agree,Somewhat agree,Somewhat disagree,Somewhat agree,Somewhat agree,Somewhat disagree,Somewhat agree,Strongly agree,Strongly agree,Strongly agree,Strongly agree,Strongly agree,Somewhat disagree,Somewhat disagree,Neither agree nor disagree,Somewhat agree,Neither agree nor disagree,Somewhat agree,Neither agree nor disagree,Strongly agree,Somewhat agree,Strongly agree,Strongly agree
Ex,Somewhat agree,Somewhat agree,Strongly agree,Strongly agree,Strongly agree,Strongly agree,Strongly agree,Strongly agree,Strongly agree,Somewhat agree,Strongly agree,Strongly agree,Strongly agree,Somewhat agree,Strongly agree,Strongly agree,Strongly agree,Somewhat agree,Strongly agree,Somewhat disagree,Somewhat disagree,Strongly agree,Strongly agree,Strongly agree,Strongly agree,Somewhat disagree,Strongly agree,Strongly agree,Strongly agree,Strongly agree
Ex,Somewhat agree,Strongly agree,Somewhat agree,Strongly agree,Somewhat agree,Somewhat agree,Strongly agree,Strongly agree,Strongly agree,Strongly agree,Strongly agree,Strongly agree,Somewhat agree,Strongly agree,Strongly agree,Strongly agree,Strongly agree,Strongly agree,Strongly agree,Strongly disagree,Strongly disagree,Somewhat agree,Strongly agree,Somewhat agree,Strongly agree,Strongly agree,Strongly agree,Somewhat agree,Strongly agree,Strongly agree
Ex,Somewhat agree,Strongly agree,Somewhat agree,Strongly agree,Strongly agree,Strongly agree,Strongly agree,Strongly agree,Somewhat agree,Somewhat agree,Strongly agree,Strongly agree,Strongly agree,Strongly agree,Strongly agree,Strongly agree,Strongly agree,Strongly agree,Strongly agree,Neither agree nor disagree,Strongly disagree,Strongly agree,Strongly agree,Strongly agree,Somewhat agree,Strongly agree,Strongly agree,Strongly agree,Strongly agree,Strongly agree
Ex,Strongly agree,Somewhat agree,Somewhat agree,Somewhat agree,Somewhat agree,Somewhat disagree,Strongly agree,Somewhat agree,Neither agree nor disagree,Somewhat agree,Strongly agree,Strongly agree,Strongly agree,Somewhat agree,Strongly agree,Somewhat agree,Strongly agree,Strongly agree,Somewhat agree,Somewhat agree,Strongly disagree,Neither agree nor disagree,Somewhat agree,Strongly agree,Strongly agree,Strongly agree,Strongly agree,Strongly agree,Somewhat agree,Strongly agree
Ex,Strongly agree,Strongly agree,Strongly agree,Strongly agree,Strongly agree,Somewhat agree,Strongly agree,Strongly agree,Somewhat agree,Somewhat agree,Strongly agree,Strongly agree,Strongly agree,Strongly agree,Strongly agree,Strongly agree,Strongly agree,Strongly agree,Strongly agree,Strongly disagree,Strongly disagree,Strongly agree,Strongly agree,Strongly agree,Strongly agree,Somewhat agree,Strongly agree,Strongly agree,Strongly agree,Strongly agree
Ex,Somewhat disagree,Neither agree nor disagree,Neither agree nor disagree,Somewhat agree,Somewhat agree,Somewhat agree,Strongly agree,Strongly agree,Strongly agree,Strongly agree,Somewhat agree,Strongly agree,Somewhat agree,Somewhat agree,Somewhat agree,Strongly agree,Strongly agree,Strongly agree,Neither agree nor disagree,Somewhat agree,Somewhat disagree,Somewhat agree,Somewhat disagree,Somewhat agree,Strongly agree,Strongly agree,Strongly agree,Strongly agree,Strongly agree,Strongly agree
Ex,Neither agree nor disagree,Somewhat agree,Neither agree nor disagree,Somewhat agree,Somewhat agree,Somewhat agree,Strongly agree,Strongly agree,Somewhat agree,Strongly agree,Somewhat agree,Strongly agree,Somewhat agree,Somewhat agree,Somewhat agree,Strongly agree,Somewhat agree,Strongly agree,Somewhat agree,Neither agree nor disagree,Strongly disagree,Somewhat agree,Somewhat agree,Somewhat agree,Somewhat agree,Somewhat agree,Strongly agree,Strongly agree,Strongly agree,Somewhat agree
Ct,Somewhat agree,Neither agree nor disagree,Neither agree nor disagree,Neither agree nor disagree,Strongly agree,Somewhat disagree,Neither agree nor disagree,Somewhat agree,Somewhat disagree,Somewhat disagree,Somewhat agree,Somewhat agree,Neither agree nor disagree,Somewhat agree,Somewhat agree,Strongly agree,Somewhat agree,Strongly agree,Neither agree nor disagree,Strongly disagree,Somewhat disagree,Somewhat agree,Somewhat agree,Somewhat agree,Somewhat disagree,Strongly disagree,Somewhat agree,Somewhat agree,Strongly agree,Strongly agree
Ct,Neither agree nor disagree,Somewhat agree,Somewhat agree,Somewhat agree,Strongly agree,Strongly agree,Somewhat disagree,Somewhat agree,Strongly agree,Somewhat agree,Neither agree nor disagree,Neither agree nor disagree,Strongly disagree,Somewhat agree,Strongly agree,Strongly agree,Somewhat disagree,Somewhat agree,Neither agree nor disagree,Somewhat disagree,Strongly disagree,Neither agree nor disagree,Strongly agree,Neither agree nor disagree,Somewhat agree,Strongly disagree,Strongly agree,Somewhat agree,Somewhat agree,Strongly agree
Ct,Strongly agree,Strongly agree,Strongly agree,Somewhat agree,Somewhat agree,Somewhat agree,Strongly agree,Strongly agree,Neither agree nor disagree,Neither agree nor disagree,Somewhat disagree,Somewhat disagree,Somewhat agree,Somewhat agree,Somewhat agree,Neither agree nor disagree,Somewhat agree,Neither agree nor disagree,Somewhat disagree,Somewhat disagree,Somewhat disagree,Strongly agree,Somewhat agree,Somewhat agree,Somewhat agree,Strongly disagree,Somewhat disagree,Neither agree nor disagree,Somewhat disagree,Neither agree nor disagree
Ct,Strongly agree,Somewhat agree,Somewhat agree,Neither agree nor disagree,Neither agree nor disagree,Somewhat disagree,Neither agree nor disagree,Somewhat agree,Somewhat agree,Somewhat agree,Somewhat agree,Somewhat agree,Somewhat agree,Somewhat agree,Somewhat agree,Somewhat agree,Somewhat agree,Somewhat agree,Somewhat agree,Somewhat agree,Somewhat disagree,Somewhat agree,Somewhat agree,Neither agree nor disagree,Neither agree nor disagree,Strongly disagree,Somewhat agree,Strongly agree,Strongly agree,Somewhat agree
Ct,Strongly agree,Somewhat agree,Somewhat agree,Somewhat agree,Somewhat agree,Neither agree nor disagree,Somewhat agree,Somewhat agree,Neither agree nor disagree,Somewhat agree,Neither agree nor disagree,Neither agree nor disagree,Neither agree nor disagree,Somewhat disagree,Somewhat disagree,Somewhat agree,Neither agree nor disagree,Somewhat agree,Neither agree nor disagree,Somewhat disagree,Strongly disagree,Somewhat agree,Neither agree nor disagree,Neither agree nor disagree,Neither agree nor disagree,Somewhat disagree,Somewhat agree,Somewhat agree,Neither agree nor disagree,Neither agree nor disagree
Ct,Neither agree nor disagree,Neither agree nor disagree,Neither agree nor disagree,Somewhat disagree,Somewhat disagree,Strongly disagree,Strongly disagree,Somewhat disagree,Somewhat disagree,Somewhat disagree,Neither agree nor disagree,Somewhat disagree,Somewhat disagree,Neither agree nor disagree,Somewhat agree,Neither agree nor disagree,Neither agree nor disagree,Strongly disagree,Somewhat disagree,Somewhat disagree,Strongly disagree,Somewhat disagree,Somewhat agree,Somewhat disagree,Neither agree nor disagree,Neither agree nor disagree,Somewhat agree,Somewhat agree,Somewhat agree,Somewhat agree
Ct,Strongly agree,Somewhat agree,Strongly agree,Somewhat agree,Somewhat agree,Strongly agree,Strongly agree,Somewhat agree,Neither agree nor disagree,Somewhat agree,Somewhat disagree,Somewhat disagree,Strongly agree,Somewhat disagree,Somewhat agree,Strongly agree,Neither agree nor disagree,Strongly agree,Somewhat disagree,Somewhat disagree,Strongly disagree,Somewhat agree,Strongly disagree,Somewhat agree,Somewhat agree,Strongly disagree,Strongly agree,Strongly agree,Strongly agree,Strongly agree
Ct,Somewhat agree,Strongly agree,Strongly agree,Neither agree nor disagree,Somewhat disagree,Somewhat agree,Somewhat agree,Somewhat agree,Somewhat disagree,Strongly agree,Somewhat agree,Somewhat agree,Neither agree nor disagree,Somewhat agree,Somewhat agree,Neither agree nor disagree,Somewhat disagree,Strongly disagree,Somewhat agree,Somewhat agree,Strongly disagree,Somewhat agree,Strongly agree,Somewhat disagree,Neither agree nor disagree,Strongly disagree,Somewhat agree,Somewhat agree,Somewhat agree,Somewhat agree
Ct,Somewhat agree,Somewhat disagree,Somewhat agree,Neither agree nor disagree,Neither agree nor disagree,Neither agree nor disagree,Somewhat disagree,Somewhat disagree,Neither agree nor disagree,Somewhat disagree,Neither agree nor disagree,Neither agree nor disagree,Somewhat disagree,Neither agree nor disagree,Neither agree nor disagree,Neither agree nor disagree,Somewhat agree,Neither agree nor disagree,Somewhat disagree,Somewhat agree,Somewhat agree,Neither agree nor disagree,Somewhat disagree,Somewhat disagree,Neither agree nor disagree,Somewhat disagree,Somewhat disagree,Neither agree nor disagree,Neither agree nor disagree,Neither agree nor disagree
Ct,Somewhat agree,Somewhat disagree,Somewhat disagree,Somewhat agree,Strongly disagree,Strongly disagree,Somewhat disagree,Somewhat agree,Somewhat disagree,Somewhat agree,Somewhat disagree,Somewhat disagree,Somewhat disagree,Somewhat disagree,Somewhat disagree,Somewhat agree,Somewhat disagree,Somewhat disagree,Strongly disagree,Somewhat disagree,Strongly agree,Strongly disagree,Somewhat disagree,Somewhat disagree,Somewhat disagree,Strongly disagree,Strongly agree,Somewhat agree,Strongly agree,Strongly agree
Ct,Somewhat agree,Somewhat agree,Strongly agree,Neither agree nor disagree,Strongly agree,Strongly agree,Strongly agree,Somewhat disagree,Strongly disagree,Somewhat agree,Neither agree nor disagree,Somewhat disagree,Strongly agree,Strongly disagree,Somewhat disagree,Strongly agree,Somewhat agree,Strongly agree,Somewhat disagree,Somewhat agree,Strongly disagree,Somewhat agree,Strongly disagree,Strongly agree,Somewhat agree,Strongly disagree,Strongly agree,Strongly agree,Strongly agree,Strongly agree
Ct,Strongly agree,Strongly agree,Strongly agree,Somewhat agree,Somewhat agree,Somewhat agree,Strongly agree,Somewhat agree,Neither agree nor disagree,Somewhat agree,Strongly agree,Strongly agree,Strongly agree,Neither agree nor disagree,Somewhat agree,Strongly agree,Strongly agree,Somewhat disagree,Strongly agree,Strongly agree,Strongly disagree,Somewhat agree,Strongly agree,Somewhat agree,Somewhat agree,Somewhat disagree,Somewhat agree,Somewhat agree,Somewhat agree,Somewhat agree
Ct,Strongly agree,Strongly agree,Somewhat agree,Strongly agree,Strongly agree,Strongly agree,Strongly agree,Somewhat agree,Strongly agree,Strongly agree,Strongly agree,Strongly agree,Strongly agree,Strongly agree,Somewhat agree,Strongly agree,Strongly agree,Strongly agree,Strongly agree,Neither agree nor disagree,Somewhat agree,Strongly agree,Strongly agree,Somewhat agree,Strongly agree,Strongly agree,Strongly agree,Strongly agree,Somewhat agree,Strongly agree
Ct,Strongly agree,Somewhat agree,Neither agree nor disagree,Neither agree nor disagree,Somewhat disagree,Strongly agree,Somewhat agree,Somewhat disagree,Somewhat agree,Neither agree nor disagree,Neither agree nor disagree,Neither agree nor disagree,Somewhat disagree,Somewhat disagree,Somewhat agree,Neither agree nor disagree,Somewhat agree,Neither agree nor disagree,Neither agree nor disagree,Somewhat agree,Neither agree nor disagree,Neither agree nor disagree,Somewhat agree,Somewhat agree,Somewhat disagree,Strongly disagree,Strongly agree,Somewhat agree,Somewhat agree,Somewhat agree
Ct,Strongly agree,Somewhat agree,Strongly agree,Somewhat agree,Neither agree nor disagree,Somewhat agree,Somewhat agree,Strongly agree,Strongly disagree,Somewhat agree,Somewhat agree,Strongly agree,Strongly agree,Strongly agree,Somewhat disagree,Strongly agree,Strongly agree,Somewhat agree,Neither agree nor disagree,Neither agree nor disagree,Strongly disagree,Somewhat agree,Strongly agree,Neither agree nor disagree,Strongly agree,Strongly disagree,Strongly agree,Strongly agree,Strongly agree,Strongly agree
Ct,Strongly agree,Somewhat agree,Strongly agree,Somewhat agree,Strongly agree,Somewhat agree,Somewhat agree,Somewhat agree,Somewhat agree,Somewhat agree,Somewhat agree,Neither agree nor disagree,Somewhat agree,Somewhat agree,Somewhat agree,Somewhat agree,Somewhat disagree,Neither agree nor disagree,Somewhat agree,Somewhat agree,Strongly disagree,Strongly agree,Strongly agree,Somewhat agree,Somewhat agree,Strongly disagree,Strongly agree,Strongly agree,Somewhat agree,Strongly agree
Ct,Strongly agree,Somewhat agree,Somewhat agree,Neither agree nor disagree,Somewhat agree,Neither agree nor disagree,Somewhat agree,Somewhat agree,Somewhat agree,Somewhat agree,Somewhat agree,Somewhat agree,Somewhat agree,Neither agree nor disagree,Somewhat agree,Somewhat agree,Somewhat agree,Neither agree nor disagree,Neither agree nor disagree,Somewhat agree,Somewhat disagree,Neither agree nor disagree,Somewhat agree,Somewhat agree,Somewhat agree,Strongly disagree,Somewhat agree,Somewhat agree,Somewhat agree,Somewhat agree
Ct,Somewhat agree,Somewhat agree,Somewhat agree,Somewhat agree,Somewhat agree,Somewhat agree,Somewhat disagree,Somewhat agree,Neither agree nor disagree,Neither agree nor disagree,Somewhat disagree,Somewhat disagree,Somewhat disagree,Somewhat disagree,Somewhat agree,Somewhat agree,Somewhat agree,Somewhat disagree,Neither agree nor disagree,Somewhat disagree,Neither agree nor disagree,Somewhat disagree,Somewhat disagree,Neither agree nor disagree,Somewhat agree,Strongly disagree,Strongly agree,Strongly agree,Strongly agree,Strongly agree